<?xml version="1.0" encoding="UTF-8"?>
<d:document xmlns="http://www.w3.org/1999/xhtml"
		  xmlns:d="http://cssbox.sourceforge.net/docs">
<d:title>CSSBox Manual</d:title>
<d:author>Radek Burget<br/>
<a href="mailto:burgetr@fit.vutbr.cz">burgetr@fit.vutbr.cz</a>
</d:author>

<d:toc />

<d:section id="intro">
<d:title>Introduction</d:title>
<p>CSSBox is an (X)HTML/CSS rendering engine written in pure Java. Its 
primary purpose is to provide a complete and further processable information 
about the rendered page contents and layout.</p>
<p>This manual gives a short overview of the CSSBox usage. It shows how to
render a document and it explains how the resulting page is represented and
how the basic information about the individual parts can be obtained.</p>
<p>More detailed information about the individual classes can be obtained
from the <d:api>API documentation</d:api>.</p>
<p>Any feedback to CSSBox and/or this manual is welcome via the
<a href="http://cssbox.sourceforge.net/">CSSBox website</a>.</p>
</d:section>

<d:section title="Basic usage" id="basic">
<d:title>Basic usage</d:title>
<p>The input of the rendering engine is a document DOM tree. The engine is able to
automatically load the style sheets referenced in the document and it computes the
efficient style of each element. Afterwrads, the document layout is computed.</p>

<d:subsection id="basicLoading">
<d:title>Document Loading</d:title>
<p>CSSBox generally expects an implementation of the
<a href="http://www.w3.org/DOM/" title="Document Object Model">DOM</a> on its input represented
by its root <code>Document</code> node. The way how the DOM is obtained is not important for CSSBox.
However, in most situations, the DOM is obtained by parsing a HTML or XML file. Therefore, CSSBox provides
a framework for binding a parser to the layout engine. Moreover it contains a default parser implementation
that may be simply used or it can be easily replaced by a custom implementation when required. The default
implementation is based on the <a href="http://nekohtml.sourceforge.net/">NekoHTML</a> parser
and <a href="http://xerces.apache.org/xerces2-j/">Xerces 2</a>. The details about using a different
parser are described in the <a href="#parserCustomization">Custom Document Sources and Parsers</a> section.</p>

<p>With the default implementation,  the following code reads and parses the document based on its URL:</p>

<d:codebox>
<em>//Open the network connection</em> 
DocumentSource docSource = new DefaultDocumentSource(urlstring);

<em>//Parse the input document</em>
DOMSource parser = new DefaultDOMSource(docSource);
Document doc = parser.parse(); <em>//doc represents the obtained DOM</em>
</d:codebox>

<p>For the initial DOM and style sheet processing, a
<d:api class="org/fit/cssbox/css/DOMAnalyzer">DOMAnalyzer</d:api> object is used. It is
initialized with the DOM tree and the base URL:</p>
<d:codebox>
DOMAnalyzer da = new DOMAnalyzer(doc, docSource.getURL());
da.attributesToStyles(); <em>//convert the HTML presentation attributes to inline styles</em>
da.addStyleSheet(null, CSSNorm.stdStyleSheet(), DOMAnalyzer.Origin.AGENT); <em>//use the standard style sheet</em>
da.addStyleSheet(null, CSSNorm.userStyleSheet(), DOMAnalyzer.Origin.AGENT); <em>//use the additional style sheet</em>
da.addStyleSheet(null, CSSNorm.formsStyleSheet(), DOMAnalyzer.Origin.AGENT); <em>//(optional) use the forms style sheet</em>
da.getStyleSheets(); <em>//load the author style sheets</em>
</d:codebox>
<p>The <d:api class="org/fit/cssbox/css/DOMAnalyzer" anchor="attributesToStyles()">attributesToStyles()</d:api>
method converts some HTML presentation attributes to CSS
styles (e.g. the <d:tag>font</d:tag> tag attributes, table attributes and some more). If (X)HTML
interpretation is not required, this method need not be called. When used, this method should be called before
<code>getStyleSheets()</code> is used.</p> 
<p>The <d:api class="org/fit/cssbox/css/DOMAnalyzer" anchor="addStyleSheet(java.net.URL, java.lang.String, org.fit.cssbox.css.DOMAnalyzer.Origin)">addStyleSheet()</d:api> 
method is used to add a style sheet to the document. The style sheet is passed as a text
string containing the CSS code. In our case, we add two built-in style sheets that represent the standard document style. These style
sheets are imported as the user agent style sheets according to the <a href="http://www.w3.org/TR/CSS21/cascade.html#cascading-order">CSS specification</a>.
The <d:api class="org/fit/cssbox/css/CSSNorm" anchor="stdStyleSheet()">CSSNorm.stdStyleSheet()</d:api>
method returns the default style sheet recommended by the CSS specification and the
<d:api class="org/fit/cssbox/css/CSSNorm" anchor="userStyleSheet()">CSSNorm.userStyleSheet()</d:api> 
contains some additional CSSBox definitions not covered by the standard.</p>
<p>Optionally, the <d:api class="org/fit/cssbox/css/CSSNorm" anchor="formsStyleSheet()">CSSNorm.formsStyleSheet()</d:api>
includes a basic style of form input fields. This style sheet may be used for basic rendering of the form fields when
their rendering and functionality is not implemented in any other way in the application.</p>
<p>Finally, the <d:api class="org/fit/cssbox/css/DOMAnalyzer" anchor="getStyleSheets()">getStyleSheets()</d:api>
method loads and processes all the internal and external style sheets referenced from the document including the inline
style definitions. In case of external style sheets, CSSBox tries to obtain
the file from the corresponding URL, if accessible.</p>
<p>The resulting <d:api class="org/fit/cssbox/css/DOMAnalyzer">DOMAnalyzer</d:api> object represents
the document code together with the associated style.</p>
</d:subsection>

<d:subsection id="media">
<d:title>Media Support</d:title>
<p>By default, the <code>DOMAnalyzer</code> assumes that the page is being rendered on a standard desktop computer
screen. During the style sheet processing, it uses the <code>"screen"</code> media type and some
<a href="http://cssbox.sourceforge.net/jstyleparser/api/cz/vutbr/web/css/MediaSpec.html">default display feature values</a> for
evaluating the possible media queries.</p>
<p>A different media type or feature values may be specified by creating a new <em>media specification</em> represented
as a <a href="http://cssbox.sourceforge.net/jstyleparser/api/cz/vutbr/web/css/MediaSpec.html">MediaSpec</a> object from the
<a href="http://cssbox.sourceforge.net/jstyleparser/">jStyleParser</a> API. The typical usage would be the following:</p>

<d:codebox>
<em>//we will use the "screen" media type for rendering</em>
MediaSpec media = new MediaSpec("screen");

<em>//specify some media feature values</em>
media.setDimensions(1000, 800); <em>//set the visible area size in pixels</em>
media.setDeviceDimensions(1600, 1200); <em>//set the display size in pixels</em>

<em>//use the media specification in the analyzer</em>
DOMAnalyzer da = new DOMAnalyzer(doc, docSource.getURL());
da.setMediaSpec(media);
<em>//... continue with the DOMAnalyzer initialization as above</em>
</d:codebox>

<p>The <a href="http://github.com/radkovo/CSSBox/blob/master/src/main/java/org/fit/cssbox/demo/BoxBrowser.java">BoxBrowser</a>
demo shows a basic usage of the media specifications in a Swing application.</p>

</d:subsection>

<d:subsection id="basicLayout">
<d:title>Obtaining the Layout</d:title>
<p>The whole layout engine is represented by a graphical
<d:api class="org/fit/cssbox/layout/BrowserCanvas">BrowserCanvas</d:api> object.
The simplest way of creating the layout is passing the initial viewport dimensions to the BrowserCanvas
constructor. Then, the layout is computed automatically by creating an instance of this object.
The remaining constructor arguments are the root DOM element, the DOMAnalyzer used for obtaining the 
element styles and the document base URL used for loading images and other referenced content.</p>
<d:codebox>
BrowserCanvas browser = 
        new BrowserCanvas(da.getRoot(),
                          da,
                          new java.awt.Dimension(1000, 600),
                          url);
</d:codebox>

<p>When further browser configuration is required, the BrowserCanvas may be created without specifying
the viewport dimensions. Then, the layout is not computed automatically and it must be created by a subsequent
call of the <d:api class="org/fit/cssbox/layout/BrowserCanvas" anchor="createLayout(java.awt.Dimension)">createLayout</d:api>
method. Before creating the layout, the browser configuration may be changed.</p>
<d:codebox>
BrowserCanvas browser = 
        new BrowserCanvas(da.getRoot(), da, url);
<em>//... modify the browser configuration here ...</em>
browser.createLayout(new java.awt.Dimension(1000, 600));
</d:codebox>

<p>Optionally, the <d:api class="org/fit/cssbox/layout/BrowserCanvas" anchor="createLayout(java.awt.Dimension, java.awt.Rectangle)">createLayout</d:api>
method allows to specify different values for the preferred total canvas size and the visible area size and position] (the CSS viewport size):</p>
<d:codebox>
BrowserCanvas browser = 
        new BrowserCanvas(da.getRoot(), da, url);
<em>//... modify the browser configuration here ...</em>
browser.createLayout(new java.awt.Dimension(1200, 600), new java.awt.Rectangle(0, 0, 1000, 600));
</d:codebox>

<p>In this case, the preferred size of the resulting page is 1200x600 pixels (it may be adjusted during the layout
computation based on the page contents) and the size of the visible area is 1000x600 pixels; the visible area is
in the top left corner of the rendered page. The visible area size and position is used during the layout computation
and it may influence the positions of positioned elements according to the CSS specification.</p>

<p>Setting the visible area size automatically updates the used media specification (see the <d:ref target="media">previous section</d:ref>)
so that the same size of the visible area is used for evaluating the CSS media queries. However, this behavior may be
disabled by calling <d:api class="org/fit/cssbox/layout/BrowserCanvas" anchor="setAutoMediaUpdate(boolean)">setAutoMediaUpdate(false)</d:api>
before creating the layout. In that case, the visible area size used for the layout computation may be different from
the size used for media queries.</p>

<p>In all cases, the created <code>browser</code> object can be directly used for both displaying
the rendered document and for obtaining the created layout model. The details of the browser
configuration are described in the <a href="#configOptions">Configuration Options</a> section.</p>
</d:subsection>

<d:subsection id="basicDisplay">
<d:title>Displaying the document</d:title>
<p>The <d:api class="org/fit/cssbox/layout/BrowserCanvas">BrowserCanvas</d:api> class is
directly derived from the Swing <code>javax.swing.JPanel</code> class. Therefore, it can
be directly used as a Swing user interface component. The size of the component is
automatically adjusted according to the resulting document layout. The basic document
displaying is shown in the <d:api class="org/fit/cssbox/demo/SimpleBrowser">SimpleBrowser</d:api>
example.</p>
<p>BrowserCanvas provides a simple display of the rendered page with no interactive elements.
For obtaining an interactive browser component with text selection and clickable links,
the <a href="http://cssbox.sourceforge.net/swingbox/">SwingBox</a> extension should be used.</p>
</d:subsection>

<d:subsection id="configOptions">
<d:title>Configuration Options</d:title>
<p>Current browser configuration is represented using a
<d:api class="org/fit/cssbox/layout/BrowserConfig">BrowserConfig</d:api>
object that may be accessed using the browser's
<d:api class="org/fit/cssbox/layout/BrowserCanvas" anchor="getConfig()">getConfig()</d:api> method.
The following configuration options are available:</p>
<dl>
<dt><d:api class="org/fit/cssbox/layout/BrowserConfig" anchor="setLoadImages(boolean)">browser.getConfig().setLoadImages(boolean)</d:api></dt>
<dd>Configures whether to load the referenced content images automatically. The default value is <code>true</code>.</dd>
<dt><d:api class="org/fit/cssbox/layout/BrowserConfig" anchor="setLoadBackgroundImages(boolean)">browser.getConfig().setLoadBackgroundImages(boolean)</d:api></dt>
<dd>Configures whether to load the CSS background images automatically. The default value is <code>true</code>.</dd>
<dt><d:api class="org/fit/cssbox/layout/BrowserConfig" anchor="setImageLoadTimeout(int)">browser.getConfig().setImageLoadTimeout(int)</d:api></dt>
<dd>Configures the timeout for loading images. The default value is 500ms.</dd>
<dt><d:api class="org/fit/cssbox/layout/BrowserConfig" anchor="useHTML(boolean)">browser.getConfig().useHTML(boolean)</d:api></dt>
<dd>Configures whether the engine should use the HTML extensions or not. Currently, the HTML extensions include the following:
     <ul>
     <li>Creating replaced boxes for <code>&lt;img&gt;</code> elements</li>
     <li>Using the <code>&lt;body&gt;</code> element background for the whole canvas according to the HTML specification</li>
     <li>Support for the embedded <code>&lt;object&gt;</code> elements.</li>
     <li>Special handling of certain elements such as named anchors.</li>
     </ul>
     The default value is <code>true</code>.
     </dd>
<dt><d:api class="org/fit/cssbox/layout/BrowserConfig" anchor="setReplaceImagesWithAlt(boolean)">browser.getConfig().setReplaceImagesWithAlt(boolean)</d:api></dt>
<dd>Sets whether the images should be replaced by their <code>alt</code> text.</dd>
<dt><d:api class="org/fit/cssbox/layout/BrowserConfig" anchor="setDefaultFont(java.lang.String,%20java.lang.String)">browser.getConfig().setDefaultFont(String logical, String physical)</d:api></dt>
<dd>Configures the default physical fonts that should be used instead of the logical Java families. The typical usage is the following:
	<d:codebox>
        browser.getConfig().setDefaultFont(java.awt.Font.SERIF, "Times New Roman");
        browser.getConfig().setDefaultFont(java.awt.Font.SANS_SERIF, "Arial");
        browser.getConfig().setDefaultFont(java.awt.Font.MONOSPACED, "Courier New");
	</d:codebox>
</dd>
<dt><d:api class="org/fit/cssbox/layout/BrowserConfig" anchor="registerDocumentSource(java.lang.Class)">browser.getConfig().registerDocumentSource(Class&lt;? extends DocumentSource&gt;)</d:api></dt>
<dt><d:api class="org/fit/cssbox/layout/BrowserConfig" anchor="registerDOMSource(java.lang.Class)">browser.getConfig().registerDOMSource(Class&lt;? extends DOMSource&gt;)</d:api></dt>
<dd>Register the DocumentSource and DOMSource implementation used for automatic loading of the referenced documents.
See the <a href="#parserCustomization">Custom Document Sources and Parsers</a> section for details.</dd>
</dl>
</d:subsection>

<d:subsection id="parserCustomization">
<d:title>Custom Document Sources and Parsers</d:title>
<p>CSSBox contains two generic abstract classes that represent the document source and the parser and provides their
default implementations:</p>
<ul>
<li><d:api class="org/fit/cssbox/io/DocumentSource">DocumentSource</d:api> represents a generic source of documents
 that is able to obtain a document based on its URL. The default
 <d:api class="org/fit/cssbox/io/DefaultDocumentSource">DefaultDocumentSource</d:api> implementation uses the standard Java
 <code>URLConnection</code> mechanism extended by the support of <code>data:</code> URL scheme.</li>
<li><d:api class="org/fit/cssbox/io/DOMSource">DOMSource</d:api> represents a parser that is able to create a DOM
 from a document source. The default
 <d:api class="org/fit/cssbox/io/DefaultDOMSource">DefaultDOMSource</d:api> implementation is based on the
 <a href="http://nekohtml.sourceforge.net/">NekoHTML</a> parser.</li>
</ul>

<p>The default implementations may be used for obtaining the DOM from an URL easily as shown in the
<a href="#basicLoading">Document Loading</a> section. Moreover, CSSBox uses these implementations for obtaining
 the documents referenced from the HTML code such as images and embedded objects.</p>

<p>When a different implementation of the document source or the parser is required (e.g. for obtaining the documents
from a non-standard source, using a different parser implementation, etc.), it is possible to create a custom implementation
of the appropriate abstract class. Then, the new implementation may be registered using the browser configuration
<d:api class="org/fit/cssbox/layout/BrowserConfig" anchor="registerDocumentSource(java.lang.Class)">browser.getConfig().registerDocumentSource()</d:api>
and
<d:api class="org/fit/cssbox/layout/BrowserConfig" anchor="registerDOMSource(java.lang.Class)">browser.getConfig().registerDOMSource()</d:api>
methods as mentioned above in the <a href="#configOptions">Configuration Options</a> section.
</p>

</d:subsection>

<!-- <d:subsection id="loadImages">
<d:title>Image loading</d:title>
<p>TODO</p>
</d:subsection>  -->

</d:section> 

<d:section id="model">
<d:title>Rendered Document Model</d:title>
<p>The resulting document layout is represented as a tree of <dfn>boxes</dfn>. Each box
creates a rectangular area in the resulting page and it corresponds to a particular
rendered HTML element. There may be multiple boxes corresponding to a single element;
e.g. a multi-line paragraph <d:tag>p</d:tag> is split to several line boxes. A box may be
either composed from child boxes or it may correspond to a particular part of the
document content, which may be a text string or replaced content (e.g. images).</p>
<p>Each box is represented by an object which extends the
<d:api class="org/fit/cssbox/layout/Box">Box</d:api> abstract class. There exist
several box types that roughly correspond to the computed value of the CSS <code>display</code>
property for the corresponding element. Figure 1 shows the type hierarchy of boxes.</p>

<d:fig index="1" title="Box type hierarchy" src="box_classes.png" />

<p>The root node of the box tree is always represented by a
<d:api class="org/fit/cssbox/layout/Viewport">Viewport</d:api> object and it represents
the browser viewport. It has always a single child which is called a <dfn>root box</dfn>.
The root box corresponds to the root element of the HTML code passed to the
<d:api class="org/fit/cssbox/layout/BrowserCanvas">BrowserCanvas</d:api> for rendering.
Usually, it is the <d:tag>body</d:tag> element.</p>

<p>The viewport and the root box are obtained using the
<d:api class="org/fit/cssbox/layout/BrowserCanvas" anchor="getViewport()">getViewport()</d:api> and
<d:api class="org/fit/cssbox/layout/BrowserCanvas" anchor="getRootBox()">getRootBox()</d:api> methods
of the BrowserCanvas.</p>

<p>In the following chapters, we will mention the most important methods that
can be used for obtaining information about the resulting document layout. For
other methods, see the <d:api>CSSBox API reference</d:api>.</p>

<d:subsection id="modelBox">
<d:title>Basic Box Properties</d:title>
<p>The basic box properties are defined in the <d:api class="org/fit/cssbox/layout/Box">Box</d:api>
abstract class. They are mostly related to the box position and size.</p>

	<d:subsubsection id="boxPositions">
	<d:title>Box Position and Size</d:title>
	<p>During the layout, the box position is first computed relatively to the containing box and
	in the next step, the absolute position in the page is computed. The box occupies a rectangular
	area in the page which includes the box contents, borders and margins. The contents of the box
	is always inside of this area and it is again a rectangle which is equal or smaller than the whole box.
	Following methods can be used for obtaining the positions and sizes:</p>
	<dl>
		<dt><d:api class="org/fit/cssbox/layout/Box" anchor="getAbsoluteBounds()">getAbsoluteBounds()</d:api></dt>
		<dd>Returns the absolute box position and size on the page including all the borders
		and margins. The result is the <code>java.awt.Rectangle</code> object.</dd>
		<dt><d:api class="org/fit/cssbox/layout/Box" anchor="getBounds()">getBounds()</d:api></dt>
		<dd>Returns the box position and size relatively to the top-left corner of the containing block.</dd>
		<dt><d:api class="org/fit/cssbox/layout/Box" anchor="getAbsoluteContentX()">getAbsoluteContentX()</d:api></dt>
		<dd>The absolute X coordinate of the top left corner of the box contents.</dd>
		<dt><d:api class="org/fit/cssbox/layout/Box" anchor="getAbsoluteContentY()">getAbsoluteContentY()</d:api></dt>
		<dd>The absolute Y coordinate of the top left corner of the box contents.</dd>
		<dt><d:api class="org/fit/cssbox/layout/Box" anchor="getContentX()">getContentX()</d:api></dt>
		<dd>The absolute X coordinate of the top left corner of the box contents relatively to the containing block.</dd>
		<dt><d:api class="org/fit/cssbox/layout/Box" anchor="getContentY()">getContentY()</d:api></dt>
		<dd>The absolute Y coordinate of the top left corner of the box contents relatively to the containing block.</dd>
		<dt><d:api class="org/fit/cssbox/layout/Box" anchor="getContentWidth()">getContentWidth()</d:api></dt>
		<dd>The width of the box content without any margins and borders.</dd>
		<dt><d:api class="org/fit/cssbox/layout/Box" anchor="getContentHeight()">getContentHeight()</d:api></dt>
		<dd>The height of the box content without any margins and borders.</dd>
		<dt><d:api class="org/fit/cssbox/layout/Box" anchor=""></d:api></dt>
		<dd></dd>
	</dl>
	</d:subsubsection>
	
	<d:subsubsection id="boxStructure">
	<d:title>Box Tree Structure</d:title>
	<dl>
		<dt><d:api class="org/fit/cssbox/layout/Box" anchor="getParent()">getParent()</d:api></dt>
		<dd>Returns the parent box of this box or <code>null</code> if this is the root box.</dd>
		<dt><d:api class="org/fit/cssbox/layout/Box" anchor="getContainingBlock()">getContainingBlock()</d:api></dt>
		<dd>Returns the containing block for this box.</dd>
		<dt><d:api class="org/fit/cssbox/layout/Box" anchor="getViewport()">getViewport()</d:api></dt>
		<dd>The corresponding <d:api class="org/fit/cssbox/layout/Viewport">Viewport</d:api>
		object (the root of the box tree).</dd>
		<dt><d:api class="org/fit/cssbox/layout/Box" anchor="getNode()">getNode()</d:api></dt>
		<dd>The DOM node this box corresponds to. There may be multiple boxes
		corresponding to a single DOM node.</dd>
	</dl>
	</d:subsubsection>

</d:subsection>

<d:subsection id="modelText">
<d:title>Text Boxes</d:title>
<p>A text box always box corresponds to a DOM node of the type <code>Text</code>. It is represented
as <d:api class="org/fit/cssbox/layout/TextBox">TextBox</d:api> object. When the text is split to
several lines, multiple boxes correspond to a single DOM node. In this case each of them contains
a corresponding substring of the text.</p>

	<d:subsubsection id="textText">
	<d:title>Obtaining the Text Content</d:title>
	<dl>
		<dt><d:api class="org/fit/cssbox/layout/TextBox" anchor="getText()">getText()</d:api></dt>
		<dd>Returns the text string corresponding to this node.</dd>
	</dl>
	</d:subsubsection>
	
</d:subsection>

<d:subsection id="modelElement">
<d:title>Element Boxes</d:title>
<p>An element box corresponds to a DOM node of the type <code>Element</code>. It is represented
as an object of the abstract <d:api class="org/fit/cssbox/layout/ElementBox">ElementBox</d:api>
class. It can be implemented as an inline box or a block box as described below. The common
methods of the element boxes are the following:</p>

	<d:subsubsection id="elementStructure">
	<d:title>Box Tree Structure</d:title>
	<p>Each element box may contain any number of nested child boxes that are indexed 
	from <em>0</em> to <em>n</em>. When there exist multiple element
	boxes that correspond to a single DOM node, all these boxes share all the child boxes. 
	The child boxes that belong to a particular element box can be determined using
	their index - the <d:api class="org/fit/cssbox/layout/ElementBox" anchor="getStartChild()">getStartChild()</d:api>
	and the <d:api class="org/fit/cssbox/layout/ElementBox" anchor="getEndChild()">getEndChild()</d:api>
	methods give the first and the last index of the child boxes that belong to this particular element box.
	Therefore, the normal way of processing all the child boxes of an element box <code>b</code> is following: </p>
	
<d:codebox>
for (int i = b.getStartChild(); i &lt; b.getEndChild(); i++)
{
    Box sub = b.getSubBox(i);
    <em>//process the child box here...</em>
}
</d:codebox>
	
	<p>The overview of the related ElementBox methods follows:</p>
	<dl>
		<dt><d:api class="org/fit/cssbox/layout/ElementBox" anchor="getStartChild()">getStartChild()</d:api></dt>
		<dd>Returns the index of the first child box contained in this element box.</dd>
		<dt><d:api class="org/fit/cssbox/layout/ElementBox" anchor="getEndChild()">getEndChild()</d:api></dt>
		<dd>Returns the index of the first child box <strong>not</strong> contained in this element box.</dd>
		<dt><d:api class="org/fit/cssbox/layout/ElementBox" anchor="getSubBox(int)">getSubBox(int)</d:api></dt>
		<dd>Returns the child box with the given index.</dd>
		<dt><d:api class="org/fit/cssbox/layout/ElementBox" anchor="getSubBoxNumber()">getSubBoxNumber()</d:api></dt>
		<dd>The number of child boxes in this box.</dd>
		<dt><d:api class="org/fit/cssbox/layout/ElementBox" anchor="getElement()">getElement()</d:api></dt>
		<dd>The corresponding DOM Element.</dd>
	</dl>
	</d:subsubsection>
	
	<d:subsubsection id="elementModel">
	<d:title>Box Sizes</d:title>
	<p>The dimensions of an element box are modelled according to the
	<a href="http://www.w3.org/TR/CSS21/box.html">CSS Box Model</a>. In addition
	to the <em>content size</em> discussed in the <d:ref target="boxPositions"><code>Box
	interface description</code></d:ref>, it consists of <em>padding</em>, 
	<em>border width</em> and <em>margin</em>. All these dimensions are represented
	by objects of a special <d:api class="org/fit/cssbox/layout/LengthSet">LengthSet</d:api>
	class that contain the <code>top</code>, <code>left</code>, <code>bottom</code> and
	<code>right</code> values of the dimension.</p>
	<p>There are two values of <em>margin</em> available: A computed value of the margin
	that corresponds to the specified style and an efficient margin value (<em>emargin</em>)
	that considers the margin collapsing and it is used during the layout.</p>
	<p>Following methods can be used for obtaining the individual values:</p>
	<dl>
		<dt><d:api class="org/fit/cssbox/layout/ElementBox" anchor="getPadding()">getPadding()</d:api></dt>
		<dd>Returns the padding sizes.</dd>
		<dt><d:api class="org/fit/cssbox/layout/ElementBox" anchor="getBorder()">getBorder()</d:api></dt>
		<dd>The border sizes.</dd>
		<dt><d:api class="org/fit/cssbox/layout/ElementBox" anchor="getMargin()">getMargin()</d:api></dt>
		<dd>The computed margin sizes.</dd>
		<dt><d:api class="org/fit/cssbox/layout/ElementBox" anchor="getEMargin()">getEMargin()</d:api></dt>
		<dd>The efficient margin sizes used during the layout with margin collapsing.</dd>
	</dl>
	</d:subsubsection>
	
	<d:subsubsection id="elementVisual">
	<d:title>Visual Properties of the Element Box</d:title>
	<dl>
		<dt><d:api class="org/fit/cssbox/layout/ElementBox" anchor="getDisplay()">getDisplay()</d:api></dt>
		<dd>Represents the value of the <code>display:</code> CSS property. The returned
		value is one of the following constants defined in the
		<d:api class="org/fit/cssbox/layout/ElementBox">ElementBox</d:api> class:
			<code>DISPLAY_ANY</code>,
			<code>DISPLAY_BLOCK</code>,
			<code>DISPLAY_INLINE</code>,
			<code>DISPLAY_INLINE_BLOCK</code>,
			<code>DISPLAY_INLINE_TABLE</code>,
			<code>DISPLAY_LIST_ITEM</code>,
			<code>DISPLAY_NONE</code>,
			<code>DISPLAY_RUN_IN</code>,
			<code>DISPLAY_TABLE</code>,
			<code>DISPLAY_TABLE_CAPTION</code>,
			<code>DISPLAY_TABLE_CELL</code>,
			<code>DISPLAY_TABLE_COLUMN</code>,
			<code>DISPLAY_TABLE_COLUMN_GROUP</code>,
			<code>DISPLAY_TABLE_FOOTER_GROUP</code>,
			<code>DISPLAY_TABLE_HEADER_GROUP</code>,
			<code>DISPLAY_TABLE_ROW</code>,
			<code>DISPLAY_TABLE_ROW_GROUP</code>.
		</dd>
		<dt><d:api class="org/fit/cssbox/layout/ElementBox" anchor="getBgcolor()">getBgcolor()</d:api></dt>
		<dd>The background color of the element or null when transparent.</dd>
		<dt><d:api class="org/fit/cssbox/layout/ElementBox" anchor=""></d:api></dt>
		<dd></dd>
		<dt><d:api class="org/fit/cssbox/layout/ElementBox" anchor=""></d:api></dt>
		<dd></dd>
	</dl>
	</d:subsubsection>
	
</d:subsection>

<d:subsection id="modelInline">
<d:title>Inline Boxes</d:title>
<p>Inline boxes are the <d:ref target="modelElement">element boxes</d:ref> with value
of the CSS <code>display:</code> property equal to <code>inline</code>. These boxes are
represented as the <d:api class="org/fit/cssbox/layout/InlineBox">InlineBox</d:api> objects.
They have no special properties in addition to the properties defined in the
<d:api class="org/fit/cssbox/layout/ElementBox">ElementBox</d:api> class.</p>
</d:subsection>

<d:subsection id="modelBlock">
<d:title>Block Boxes</d:title>
<p>Block boxes, with the <code>display:</code> value set to <code>block</code>
are represented by the 
<d:api class="org/fit/cssbox/layout/BlockBox">BlockBox</d:api> objects. 
In addition, the boxes with other values of the <code>display:</code> property
are represented by several special classes derived from this class:</p>
<ul>
	<li><d:api class="org/fit/cssbox/layout/ListItemBox">ListItemBox</d:api></li>
	<li><d:api class="org/fit/cssbox/layout/TableBox">TableBox</d:api></li>
	<li><d:api class="org/fit/cssbox/layout/TableCaptionBox">TableCaptionBox</d:api></li>
	<li><d:api class="org/fit/cssbox/layout/TableBodyBox">TableBodyBox</d:api></li>
	<li><d:api class="org/fit/cssbox/layout/TableRowBox">TableRowBox</d:api></li>
	<li><d:api class="org/fit/cssbox/layout/Viewport">Viewport</d:api></li>
</ul> 
<p>These objects differ mainly in the way how the boxes and their contents are laid out
on the page. From the resulting layout model point of view, they have no special
properties in addition to the properties defined in the
<d:api class="org/fit/cssbox/layout/ElementBox">ElementBox</d:api> class.</p>
</d:subsection>

<d:subsection id="modelColors">
<d:title>Fonts and Colors</d:title>
<p>For each box, a <d:api class="org/fit/cssbox/layout/VisualContext">VisualContext</d:api>
object is defined that gathers the information about the current text font and color. This 
object is obtained using the
<d:api class="org/fit/cssbox/layout/Box" anchor="getVisualContext()">getVisualContext()</d:api>
method of the box. Following methods can be used for obtaining the appropriate information:</p>
<dl>
	<dt><d:api class="org/fit/cssbox/layout/VisualContext" anchor="getColor()">getColor()</d:api></dt>
	<dd>Current text color.</dd>
	<dt><d:api class="org/fit/cssbox/layout/VisualContext" anchor="getFont()">getFont()</d:api></dt>
	<dd>Returns the current font represented as the <code>java.awt.Font</code> object.
	    From this object most of the font properties can be obtained.</dd>
	<dt><d:api class="org/fit/cssbox/layout/VisualContext" anchor="getFontVariant()">getFontVariant()</d:api></dt>
	<dd>Current font variant in the CSS syntax - i.e. <code>normal</code> or <code>small-caps</code>.</dd>
	<dt><d:api class="org/fit/cssbox/layout/VisualContext" anchor="getTextDecoration()">getTextDecoration()</d:api></dt>
	<dd>Current text decoration in the CSS syntax - i.e. <code>none</code>, <code>underline</code>, 
	    <code>overline</code>, <code>line-through</code> or <code>blink</code>.</dd>
</dl>
<p>The background color is only applicable to <d:ref target="modelElement">element boxes</d:ref>
as mentioned in <d:ref target="elementVisual">Visual Properties of the Element Box</d:ref>.</p>

</d:subsection>

</d:section>

<d:section id="feedback">
<d:title>Feedback</d:title>
<p>The CSSBox library and this manual are under development. Any feedback is welcome
mainly via the forums and the bug tracker available via the
<a href="http://www.sourceforge.net/projects/cssbox">project page</a>. We will be very
happy if you want to contribute to the code. In this case, please contact the author. 
</p>
</d:section>

</d:document>